<?xml version="1.0" encoding="UTF-8"?>
<beans xmlns="http://www.springframework.org/schema/beans"
	xmlns:xsi="http://www.w3.org/2001/XMLSchema-instance"
	xmlns:aop="http://www.springframework.org/schema/aop"
	xmlns:tx="http://www.springframework.org/schema/tx"
	xmlns:context="http://www.springframework.org/schema/context"
	xsi:schemaLocation="
		http://www.springframework.org/schema/beans
		http://www.springframework.org/schema/beans/spring-beans-3.0.xsd
		http://www.springframework.org/schema/aop
		http://www.springframework.org/schema/aop/spring-aop-3.0.xsd
		http://www.springframework.org/schema/tx
		http://www.springframework.org/schema/tx/spring-tx-3.0.xsd
		http://www.springframework.org/schema/context
		http://www.springframework.org/schema/context/spring-context-3.0.xsd">
    <context:component-scan base-package="edu.xmut.shop"/>
    <context:property-placeholder location="classpath:jdbc.properties"/>
    <bean id="dataSource" class="com.mchange.v2.c3p0.ComboPooledDataSource" destroy-method="close">
		<property name="driverClass" value="${jdbc.driverClassName}"/>
		<property name="jdbcUrl" value="${jdbc.url}"/>
		<property name="user" value="${jdbc.username}"/>
		<property name="password" value="${jdbc.password}"/>
	</bean>
	<bean id="entityManagerFactory" class="org.springframework.orm.jpa.LocalContainerEntityManagerFactoryBean">
		<property name="dataSource" ref="dataSource"/>
		<property name="persistenceXmlLocation" value="classpath:META-INF/persistence.xml" />
		<property name="loadTimeWeaver">
	          <bean class="org.springframework.instrument.classloading.InstrumentationLoadTimeWeaver"/>
	    </property>
	</bean>
	<!-- 配置事务管理器，统一管理entityManagerFactory的事务 -->
	<bean id="txManager" class="org.springframework.orm.jpa.JpaTransactionManager">
	    <property name="entityManagerFactory" ref="entityManagerFactory"/>
	</bean>
	<!-- 启用事务注解 -->
	<tx:annotation-driven transaction-manager="txManager"/>
	
</beans>