<?xml version="1.0" encoding="UTF-8"?>
<!DOCTYPE struts PUBLIC "-//Apache Software Foundation//DTD Struts Configuration 2.3//EN" "http://struts.apache.org/dtds/struts-2.1.7.dtd">
<struts>
	<!-- 指定由spring负责action对象的创建 -->
	<constant name="struts.objectFactory" value="spring" />
	<!-- 所有匹配*.action的请求都由struts2处理 -->
	<constant name="struts.action.extension" value="action" />
	<!-- 是否启用开发模式 -->
	<constant name="struts.devMode" value="true" />
	<!-- struts配置文件改动后，是否重新加载，开发期间为true -->
	<constant name="struts.configuration.xml.reload" value="true" />
	<!-- 设置浏览器是否缓存静态内容,开发期间为false -->
	<constant name="struts.serve.static.browserCache" value="false" />
	<!-- 文件上传最大值 -->
	<constant name="struts.multipart.maxSize" value="104857600" />

	<package name="shop" extends="json-default" namespace="/">
		<interceptors>
			<interceptor name="permissionInterceptor"
				class="edu.xmut.shop.web.interceptor.PermissionInterceptor"></interceptor>
			<!-- 自定义拦截器栈 -->
			<interceptor-stack name="myDefaultInterceptorStack">
				<interceptor-ref name="permissionInterceptor"></interceptor-ref>
				<interceptor-ref name="defaultStack"></interceptor-ref>
			</interceptor-stack>
		</interceptors>
		<default-interceptor-ref name="myDefaultInterceptorStack"></default-interceptor-ref>
		<global-results>
			<result name="json" type="json">
				<param name="root">json</param>
			</result>
			<result name="404" type="redirect">/404.html</result>
			<result name="customerAuth" type="redirect">/customerAuth.jsp</result>
		</global-results>

		<global-exception-mappings><!-- 全局异常处理 -->
			<exception-mapping result="404"
				exception="java.lang.NullPointerException" />
			<exception-mapping result="404"
				exception="java.lang.NoSuchMethodException" />
			<exception-mapping result="404" exception="java.lang.Exception" />
		</global-exception-mappings>

		<action name="customerAuthAction" class="customerAuthAction"></action>
		<action name="systemInitAction" class="systemInitAction"></action>
	</package>
	<package name="front" extends="shop" namespace="/front">
		<action name="productAction" class="productAction">
			<result name="list">/WEB-INF/page/front/productlist.jsp</result>
			<result name="detail">/WEB-INF/page/front/productdetail.jsp</result>
		</action>
		<action name="buyCartAction" class="buyCartAction">
			<result name="buyCart">/WEB-INF/page/front/cart.jsp</result>
			<result name="list" type="redirectAction">buyCartAction</result>
		</action>
		<action name="orderAction" class="orderAction">
			<result name="confirmcontactinfo">/WEB-INF/page/front/confirmcontactinfo.jsp
			</result>
			<result name="bought">/WEB-INF/page/front/bought.jsp</result>
		</action>
	</package>

	<package name="back" extends="shop" namespace="/back">

	</package>
</struts>